City_ID,City,Country,Date,Lat,Lng,Max Temp,Humidity,Cloudiness,Wind Speed
0,Rikitea,PF,2022-09-17 23:08:12,-23.1203,-134.9692,72.3,77,1,21.14
1,Ushuaia,AR,2022-09-17 23:10:12,-54.8,-68.3,40.66,75,75,26.46
2,Port Blair,IN,2022-09-17 23:11:45,11.6667,92.75,80.44,82,100,16.17
3,Jamestown,US,2022-09-17 23:10:55,42.097,-79.2353,72.18,58,0,5.75
4,Arraial Do Cabo,BR,2022-09-17 23:11:46,-22.9661,-42.0278,66.45,72,15,10.92
5,Port Alfred,ZA,2022-09-17 23:11:46,-33.5906,26.891,60.19,97,100,1.99
6,Hermanus,ZA,2022-09-17 23:11:47,-34.4187,19.2345,51.8,72,100,4.29
7,Sitka,US,2022-09-17 23:11:47,57.0531,-135.33,60.69,67,40,5.75
8,Xiaoshi,CN,2022-09-17 23:11:48,41.2971,124.1209,64.74,93,23,4.23
9,Vaini,TO,2022-09-17 23:11:48,-21.2,-175.2,74.12,81,83,20.18
10,Lebu,CL,2022-09-17 23:11:48,-37.6167,-73.65,46.29,66,90,11.07
11,Khatanga,RU,2022-09-17 23:11:49,71.9667,102.5,24.67,89,21,3.31
12,Ponta Do Sol,PT,2022-09-17 23:11:49,32.6667,-17.1,75.7,85,41,8.3
13,Cape Town,ZA,2022-09-17 23:08:20,-33.9258,18.4232,55.11,72,100,1.01
14,Shubarkuduk,KZ,2022-09-17 23:11:50,49.1447,56.4872,67.08,45,98,8.01
15,Mar Del Plata,AR,2022-09-17 23:11:50,-38.0023,-57.5575,58.08,93,100,13.0
16,Avarua,CK,2022-09-17 23:11:51,-21.2078,-159.775,80.65,69,0,14.97
17,Dikson,RU,2022-09-17 23:11:51,73.5069,80.5464,31.12,78,22,14.05
18,Sembe,CG,2022-09-17 23:11:51,1.6481,14.5806,70.47,93,100,1.79
19,Corrente,BR,2022-09-17 23:11:52,-3.7367,-43.3394,79.5,67,83,8.08
20,Saldanha,ZA,2022-09-17 23:11:52,-33.0117,17.9442,50.05,67,100,14.97
21,Tuktoyaktuk,CA,2022-09-17 23:11:53,69.4541,-133.0374,48.31,69,96,9.78
22,Hobart,AU,2022-09-17 23:11:53,-42.8794,147.3294,56.26,70,20,9.22
23,College,US,2022-09-17 23:11:53,64.8569,-147.8028,57.18,47,75,14.97
24,Hasaki,JP,2022-09-17 23:11:54,35.7333,140.8333,82.29,84,100,15.17
25,Bredasdorp,ZA,2022-09-17 23:11:54,-34.5322,20.0403,52.32,78,100,2.8
26,Laguna De Perlas,NI,2022-09-17 23:11:55,12.3429,-83.6712,81.84,79,91,6.58
27,Saint-Philippe,RE,2022-09-17 23:11:55,-21.3585,55.7679,69.39,83,41,13.49
28,Nguru,NG,2022-09-17 23:11:55,12.8791,10.4526,74.32,76,99,6.8
29,Baoding,CN,2022-09-17 23:11:56,38.8511,115.4903,67.89,56,4,7.29
30,Kavaratti,IN,2022-09-17 23:11:56,10.5669,72.642,80.38,79,100,11.36
31,Waddan,LY,2022-09-17 23:11:57,29.1614,16.139,83.05,16,0,6.62
32,Cabo San Lucas,MX,2022-09-17 23:11:57,22.8909,-109.9124,91.71,55,20,10.36
33,Kabare,CD,2022-09-17 23:11:57,-2.4683,28.8242,63.66,83,100,1.54
34,Puerto Ayora,EC,2022-09-17 23:11:58,-0.7393,-90.3518,67.55,87,34,3.0
35,Butaritari,KI,2022-09-17 23:11:58,3.0707,172.7902,82.99,65,77,10.29
36,Mataura,NZ,2022-09-17 23:11:59,-46.1927,168.8643,53.76,51,96,5.93
37,Saskylakh,RU,2022-09-17 23:11:59,71.9167,114.0833,32.27,96,100,11.61
38,Henties Bay,NA,2022-09-17 23:11:59,-22.116,14.2845,55.08,93,33,5.68
39,Mangrol,IN,2022-09-17 23:12:00,21.1167,70.1167,79.99,72,100,7.11
40,Karratha,AU,2022-09-17 23:12:00,-20.7377,116.8463,71.28,42,0,7.72
41,Hami,CN,2022-09-17 23:12:00,42.8,93.45,63.86,18,80,2.93
42,Kaitangata,NZ,2022-09-17 23:12:01,-46.2817,169.8464,52.61,63,69,9.89
43,Kargasok,RU,2022-09-17 23:12:01,59.0556,80.8572,48.78,76,100,5.41
44,Flinders,AU,2022-09-17 23:12:02,-34.5833,150.8552,65.17,53,7,8.99
45,Kongolo,CD,2022-09-17 23:12:02,-5.3833,27.0,72.68,82,84,3.38
46,Atuona,PF,2022-09-17 23:12:03,-9.8,-139.0333,77.05,74,9,20.09
47,Takaka,NZ,2022-09-17 23:12:03,-40.85,172.8,59.56,57,45,6.08
48,Victoria,HK,2022-09-17 23:11:37,22.2855,114.1577,88.18,83,77,5.99
49,Doume,CM,2022-09-17 23:13:04,4.2333,13.45,67.37,98,89,2.98
50,Vao,NC,2022-09-17 23:13:04,-22.6667,167.4833,72.61,70,66,14.23
51,Ilulissat,GL,2022-09-17 23:13:05,69.2167,-51.1,40.23,94,100,2.42
52,Bluff,NZ,2022-09-17 23:13:05,-46.6,168.3333,50.83,62,99,8.23
53,Fortuna,US,2022-09-17 23:13:06,40.5982,-124.1573,64.92,76,100,1.99
54,Birin,NP,2022-09-17 23:13:06,26.8865,88.0718,61.83,91,90,3.87
55,Bud,US,2022-09-17 23:13:06,39.447,-86.1758,82.31,63,0,6.17
56,Katsuura,JP,2022-09-17 23:13:07,35.1333,140.3,78.82,86,77,16.49
57,Loukhi,RU,2022-09-17 23:13:07,66.0764,33.0381,48.88,98,100,5.64
58,Opuwo,NA,2022-09-17 23:13:08,-18.0607,13.84,66.65,56,0,4.83
59,Shingu,JP,2022-09-17 23:13:08,33.7333,135.9833,79.97,93,100,15.3
60,Salalah,OM,2022-09-17 23:13:08,17.0151,54.0924,80.69,89,75,3.44
61,Mehamn,NO,2022-09-17 23:13:09,71.0357,27.8492,44.55,93,100,17.27
62,Husavik,IS,2022-09-17 23:13:09,66.0449,-17.3389,43.93,74,69,5.3
63,Tual,ID,2022-09-17 23:13:10,-5.6667,132.75,81.3,73,99,2.71
64,Punta Arenas,CL,2022-09-17 23:13:10,-53.15,-70.9167,41.11,65,0,18.41
65,Nikolskoye,RU,2022-09-17 23:13:11,59.7035,30.7861,51.69,89,98,10.07
66,Coihaique,CL,2022-09-17 23:12:59,-45.5752,-72.0662,48.15,31,0,6.91
67,Torrington,US,2022-09-17 23:12:42,41.8007,-73.1212,65.95,81,31,6.02
68,Cairns,AU,2022-09-17 23:10:57,-16.9167,145.7667,86.11,73,40,6.91
69,Ogbomosho,NG,2022-09-17 23:13:12,8.133,4.25,75.38,97,100,5.06
70,Pevek,RU,2022-09-17 23:13:12,69.7008,170.3133,33.49,98,100,19.08
71,Busselton,AU,2022-09-17 23:13:12,-33.65,115.3333,53.85,83,96,1.57
72,Nabire,ID,2022-09-17 23:13:13,-3.3667,135.4833,76.51,84,78,1.43
73,College Place,US,2022-09-17 23:13:13,46.0493,-118.3883,79.02,33,0,12.66
74,Iqaluit,CA,2022-09-17 23:13:14,63.7506,-68.5145,44.33,75,75,18.41
75,Wuxue,CN,2022-09-17 23:13:14,29.8506,115.5525,72.72,72,0,1.28
76,Muros,ES,2022-09-17 23:13:14,42.7762,-9.0603,71.17,74,100,6.8
77,Haverfordwest,GB,2022-09-17 23:13:15,51.8017,-4.9691,45.99,81,20,7.47
78,Hithadhoo,MV,2022-09-17 23:13:15,-0.6,73.0833,80.94,73,10,2.84
79,Thompson,CA,2022-09-17 23:13:16,55.7435,-97.8558,62.76,59,75,3.44
80,Pisco,PE,2022-09-17 23:13:16,-13.7,-76.2167,62.65,77,0,18.41
81,Saint George,US,2022-09-17 23:13:17,37.1041,-113.5841,91.63,17,0,20.71
82,New Norfolk,AU,2022-09-17 23:13:17,-42.7826,147.0587,55.92,73,87,1.99
83,Norman Wells,CA,2022-09-17 23:13:18,65.282,-126.8329,62.64,31,75,2.3
84,Rafai,CF,2022-09-17 23:13:18,4.95,23.9167,67.39,98,100,1.57
85,Port Elizabeth,ZA,2022-09-17 23:13:19,-33.918,25.5701,59.31,91,0,10.36
86,Ahipara,NZ,2022-09-17 23:13:19,-35.1667,173.1667,60.15,61,57,10.07
87,Codrington,AU,2022-09-17 23:13:20,-38.2667,141.9667,51.51,83,100,17.05
88,Esperance,AU,2022-09-17 23:11:06,-33.8667,121.9,51.64,88,35,7.94
89,Merauke,ID,2022-09-17 23:13:20,-8.4667,140.3333,80.83,79,97,8.52
90,Tasiilaq,GL,2022-09-17 23:13:21,65.6145,-37.6368,41.16,94,100,16.49
91,Tokur,RU,2022-09-17 23:13:21,53.1333,132.9,40.91,99,100,3.31
92,Faanui,PF,2022-09-17 23:14:21,-16.4833,-151.75,78.13,69,3,18.39
93,Castro,BR,2022-09-17 23:14:22,-24.7911,-50.0119,49.05,87,0,8.99
94,Umm Kaddadah,SD,2022-09-17 23:14:22,13.6017,26.6876,82.76,59,23,7.65
95,Oistins,BB,2022-09-17 23:14:23,13.0667,-59.5333,82.49,89,20,13.8
96,Chuy,UY,2022-09-17 23:14:23,-33.6971,-53.4616,58.14,77,84,14.16
97,Vestmanna,FO,2022-09-17 23:14:23,62.1564,-7.1664,45.52,93,100,1.14
98,Nanortalik,GL,2022-09-17 23:14:24,60.1432,-45.2371,46.13,79,89,9.31
99,Yellowknife,CA,2022-09-17 23:14:24,62.456,-114.3525,55.92,58,20,4.61
100,Komsomolskiy,UZ,2022-09-17 23:14:24,40.4272,71.7189,66.92,37,66,9.22
101,Sept-Iles,CA,2022-09-17 23:14:25,50.2001,-66.3821,58.05,48,40,6.91
102,Sinnamary,GF,2022-09-17 23:14:25,5.3833,-52.95,80.51,84,8,12.35
103,Kodiak,US,2022-09-17 23:14:26,57.79,-152.4072,65.71,30,0,8.05
104,Bloemfontein,ZA,2022-09-17 23:14:26,-29.1211,26.214,56.68,67,85,5.75
105,Cabra,ES,2022-09-17 23:14:26,37.4725,-4.4421,71.76,56,11,4.54
106,Huarmey,PE,2022-09-17 23:14:27,-10.0681,-78.1522,64.92,81,22,12.37
107,San Patricio,US,2022-09-17 23:14:27,28.017,-97.5169,91.49,56,27,13.53
108,Mahebourg,MU,2022-09-17 23:14:28,-20.4081,57.7,71.26,78,40,11.5
109,San Cristobal,VE,2022-09-17 23:14:28,7.7669,-72.225,78.98,95,100,3.13
110,Lorengau,PG,2022-09-17 23:14:29,-2.0226,147.2712,84.13,68,99,7.16
111,Vestmannaeyjar,IS,2022-09-17 23:14:29,63.4427,-20.2734,49.12,79,82,20.27
112,Albany,US,2022-09-17 23:14:29,42.6001,-73.9662,67.35,75,39,1.88
113,Vila Franca Do Campo,PT,2022-09-17 23:14:30,37.7167,-25.4333,72.01,89,21,5.53
114,Kapaa,US,2022-09-17 23:14:30,22.0752,-159.319,84.18,68,0,9.22
115,Darnah,LY,2022-09-17 23:14:30,32.767,22.6367,75.0,73,0,5.59
116,Lamar,US,2022-09-17 23:14:31,33.6668,-95.5836,90.36,55,20,11.5
117,Yarmouth,US,2022-09-17 23:14:31,41.7057,-70.2286,63.97,70,0,8.05
118,Kaduqli,SD,2022-09-17 23:14:31,11.0167,29.7167,71.13,85,75,1.9
119,Ancud,CL,2022-09-17 23:14:32,-41.8697,-73.8203,42.22,72,27,4.94
120,Linxia,CN,2022-09-17 23:14:32,35.6003,103.2064,58.35,79,90,2.55
121,Yaan,NG,2022-09-17 23:14:33,7.3833,8.5667,70.81,95,28,2.59
122,Ndele,CF,2022-09-17 23:14:33,8.4109,20.6473,69.35,99,100,3.02
123,Akdepe,TM,2022-09-17 23:14:34,42.0551,59.3788,64.15,29,2,7.99
124,Westport,US,2022-09-17 23:14:34,41.1415,-73.3579,69.85,66,0,5.99
125,Kahului,US,2022-09-17 23:10:25,20.8947,-156.47,91.42,40,40,23.02
126,Kalmunai,LK,2022-09-17 23:14:34,7.4167,81.8167,78.82,78,100,2.71
127,Leshukonskoye,RU,2022-09-17 23:14:35,64.8989,45.7622,45.16,98,100,5.3
128,Darhan,MN,2022-09-17 23:14:35,49.4867,105.9228,40.33,69,68,2.08
129,Klaksvik,FO,2022-09-17 23:14:36,62.2266,-6.589,47.32,72,88,2.62
130,Shenjiamen,CN,2022-09-17 23:14:36,29.9576,122.298,75.88,88,34,19.42
131,Georgetown,MY,2022-09-17 23:11:26,5.4112,100.3354,75.13,96,40,3.44
132,Ostersund,SE,2022-09-17 23:14:37,63.1792,14.6357,46.85,100,100,5.99
133,Tautira,PF,2022-09-17 23:14:37,-17.7333,-149.15,76.6,79,50,18.48
134,Riohacha,CO,2022-09-17 23:14:37,11.5444,-72.9072,82.51,83,40,6.91
135,Jalu,LY,2022-09-17 23:14:38,29.0331,21.5482,79.92,24,0,5.77
136,Uddevalla,SE,2022-09-17 23:14:39,58.3478,11.9424,54.21,93,84,3.58
137,Burnie,AU,2022-09-17 23:14:39,-41.0667,145.9167,54.95,76,98,12.95
138,Barrow,US,2022-09-17 23:15:39,71.2906,-156.7887,35.62,93,100,23.02
139,Kingston,JM,2022-09-17 23:13:34,17.997,-76.7936,81.21,94,75,5.75
140,Yoichi,JP,2022-09-17 23:15:40,43.2039,140.7703,71.02,81,80,4.94
141,Bethel,US,2022-09-17 23:15:40,41.3712,-73.414,69.49,74,0,5.75
142,Tunapuna,TT,2022-09-17 23:15:41,10.6333,-61.3833,78.98,93,20,1.01
143,Am Timan,TD,2022-09-17 23:15:41,11.0297,20.2827,69.22,98,95,4.9
144,Sao Joao Da Barra,BR,2022-09-17 23:15:41,-21.6403,-41.0511,66.29,77,59,10.36
145,Anchorage,US,2022-09-17 23:12:04,61.2181,-149.9003,62.85,54,0,27.63
146,Cayenne,GF,2022-09-17 23:14:49,4.9333,-52.3333,80.64,83,0,6.91
147,Fairbanks,US,2022-09-17 23:15:42,64.8378,-147.7164,57.2,49,75,14.97
148,Prince Rupert,CA,2022-09-17 23:11:13,54.3161,-130.3201,56.89,85,0,8.05
149,Pathein,MM,2022-09-17 23:15:42,16.7833,94.7333,75.96,93,100,2.93
150,Lasa,IT,2022-09-17 23:15:43,46.6166,10.7002,49.08,90,42,6.82
151,Pitimbu,BR,2022-09-17 23:15:43,-7.4706,-34.8086,75.79,82,37,11.25
152,Van Buren,US,2022-09-17 23:15:44,35.4368,-94.3483,94.35,40,0,6.91
153,Meulaboh,ID,2022-09-17 23:15:44,4.1363,96.1285,74.68,88,99,3.53
154,East London,ZA,2022-09-17 23:15:44,-33.0153,27.9116,64.02,87,100,7.0
155,Manyana,BW,2022-09-17 23:11:17,-23.4,21.7167,66.49,16,0,9.98
156,Solnechnyy,RU,2022-09-17 23:15:45,50.7214,136.6319,46.67,96,100,0.98
157,Kupang,ID,2022-09-17 23:15:45,-10.1667,123.5833,78.85,67,100,3.06
158,Hilo,US,2022-09-17 23:15:44,19.7297,-155.09,88.29,60,0,9.22
159,Malanje,AO,2022-09-17 23:15:46,-9.5402,16.341,67.55,75,62,8.57
160,Coquimbo,CL,2022-09-17 23:15:46,-29.9533,-71.3436,56.93,67,75,4.61
161,Kanniyakumari,IN,2022-09-17 23:15:47,8.0833,77.5667,77.95,86,98,15.37
162,Bluefields,NI,2022-09-17 23:15:06,12.0137,-83.7635,84.27,79,40,4.61
163,Severo-Kurilsk,RU,2022-09-17 23:15:47,50.6789,156.125,52.09,71,22,4.63
164,Longyearbyen,SJ,2022-09-17 23:15:48,78.2186,15.6401,30.04,80,75,11.5
165,Los Llanos De Aridane,ES,2022-09-17 23:15:48,28.6585,-17.9182,71.35,90,0,3.0
166,Torbay,CA,2022-09-17 23:15:49,47.6666,-52.7314,55.76,81,100,14.97
167,Lagoa,PT,2022-09-17 23:15:49,39.05,-27.9833,73.22,92,91,8.88
168,Kintampo,GH,2022-09-17 23:15:49,8.0563,-1.7306,70.95,91,57,4.79
169,Havoysund,NO,2022-09-17 23:15:50,70.9963,24.6622,44.83,89,100,25.26
170,Mount Gambier,AU,2022-09-17 23:15:51,-37.8333,140.7667,51.71,93,40,13.8
171,Jetis,ID,2022-09-17 23:15:51,-7.2144,111.5179,75.49,77,98,5.59
172,Mitsamiouli,KM,2022-09-17 23:15:51,-11.3847,43.2844,75.65,69,54,3.15
173,Asfi,MA,2022-09-17 23:15:52,32.2994,-9.2372,70.3,83,0,8.01
174,Nanchang,CN,2022-09-17 23:15:52,28.6833,115.8833,75.51,62,0,4.21
175,Teahupoo,PF,2022-09-17 23:15:52,-17.8333,-149.2667,75.16,79,38,19.46
176,Bambous Virieux,MU,2022-09-17 23:15:53,-20.3428,57.7575,71.22,78,40,11.5
177,Omboue,GA,2022-09-17 23:15:53,-1.5746,9.2618,75.51,83,95,8.39
178,Chicama,PE,2022-09-17 23:15:53,-7.8447,-79.1469,59.54,79,36,8.77
179,Birnin Kebbi,NG,2022-09-17 23:15:54,12.4539,4.1975,77.99,80,97,5.5
180,Moroni,KM,2022-09-17 23:15:54,-11.7022,43.2551,74.25,72,47,3.62
181,Adrar,MR,2022-09-17 23:15:55,20.5022,-10.0711,85.87,23,0,9.24
182,Dwarka,IN,2022-09-17 23:16:55,22.2394,68.9678,80.31,77,100,11.68
183,Farah,AF,2022-09-17 23:16:56,32.5,62.5,69.84,18,0,3.87
184,Tairua,NZ,2022-09-17 23:16:56,-37.0167,175.85,59.09,55,1,3.6
185,Puerto Escondido,MX,2022-09-17 23:16:56,15.85,-97.0667,74.23,60,100,3.44
186,Maryville,US,2022-09-17 23:16:57,35.7565,-83.9705,81.12,63,75,4.61
187,Billings,US,2022-09-17 23:13:51,45.7833,-108.5007,75.29,30,75,4.61
188,Ust-Kan,RU,2022-09-17 23:16:57,50.9276,84.761,32.31,84,0,3.04
189,Bengkulu,ID,2022-09-17 23:16:58,-3.8004,102.2655,74.1,90,58,3.74
190,Fare,PF,2022-09-17 23:16:58,-16.7,-151.0167,77.94,71,1,16.87
191,Asosa,ET,2022-09-17 23:16:59,10.0667,34.5333,58.53,94,77,4.0
192,Qaanaaq,GL,2022-09-17 23:16:59,77.484,-69.3632,26.19,62,0,7.16
193,Alofi,NU,2022-09-17 23:17:00,-19.0595,-169.9187,82.29,65,16,11.5
194,Rio Grande,BR,2022-09-17 23:17:00,-32.035,-52.0986,60.94,80,72,19.24
195,Khorixas,NA,2022-09-17 23:17:00,-20.3667,14.9667,61.47,64,2,4.18
196,Luocheng,CN,2022-09-17 23:17:01,29.3848,104.0286,70.29,94,100,1.72
197,Vikevag,NO,2022-09-17 23:17:01,59.0976,5.6969,52.05,74,28,13.0
198,Cidreira,BR,2022-09-17 23:17:02,-30.1811,-50.2056,61.41,76,3,19.06
199,Chilca,PE,2022-09-17 23:17:02,-12.5211,-76.7372,60.62,88,50,10.98
200,La Peca,PE,2022-09-17 23:17:02,-5.6111,-78.435,76.86,66,69,4.83
201,Escanaba,US,2022-09-17 23:13:27,45.7453,-87.0646,73.51,94,100,6.91
202,Ozernovskiy,RU,2022-09-17 23:17:03,51.5,156.5167,51.87,68,17,6.87
203,New Castle,US,2022-09-17 23:15:06,41.0037,-80.347,77.29,70,0,0.0
204,Shahr-E Babak,IR,2022-09-17 23:17:03,30.1165,55.1186,70.92,21,25,5.95
205,Luderitz,NA,2022-09-17 23:17:04,-26.6481,15.1594,57.13,76,21,13.13
206,Gobabis,NA,2022-09-17 23:17:04,-22.45,18.9667,62.56,20,7,6.62
207,Geraldton,AU,2022-09-17 23:17:05,-28.7667,114.6,48.61,100,40,0.0
208,Hervey Bay,AU,2022-09-17 23:17:05,-25.2986,152.8535,68.5,51,0,6.51
209,El Retorno,CO,2022-09-17 23:17:06,2.3302,-72.6276,74.01,96,84,2.53
210,Port Lincoln,AU,2022-09-17 23:17:06,-34.7333,135.8667,57.51,67,85,18.28
211,Outjo,NA,2022-09-17 23:17:07,-20.1167,16.15,64.36,53,0,6.51
212,Foumbot,CM,2022-09-17 23:17:07,5.5079,10.6356,63.34,95,97,3.33
213,Beringovskiy,RU,2022-09-17 23:17:07,63.05,179.3167,42.69,77,98,15.28
214,Liverpool,GB,2022-09-17 23:15:50,53.4106,-2.9779,57.7,66,75,16.11
215,Dondo,MZ,2022-09-17 23:17:08,-19.6094,34.7431,67.93,95,0,4.41
216,Okhotsk,RU,2022-09-17 23:17:09,59.3833,143.3,49.46,51,82,3.53
217,Afyonkarahisar,TR,2022-09-17 23:17:09,38.75,30.6667,67.69,27,0,3.27
218,Tuy Hoa,VN,2022-09-17 23:17:09,13.0833,109.3,76.03,88,72,6.89
219,Lahij,YE,2022-09-17 23:17:10,13.1667,44.5833,88.3,47,59,1.7
220,Necochea,AR,2022-09-17 23:17:10,-38.5473,-58.7368,62.26,64,100,14.18
221,Upernavik,GL,2022-09-17 23:14:24,72.7868,-56.1549,36.05,71,90,20.18
222,Nantucket,US,2022-09-17 23:14:28,41.2835,-70.0995,62.71,60,0,8.05
223,Namatanai,PG,2022-09-17 23:17:11,-3.6667,152.4333,84.56,61,36,3.71
224,San Carlos,VE,2022-09-17 23:17:11,9.6612,-68.5827,76.42,90,68,0.89
225,Broome,US,2022-09-17 23:17:12,42.2506,-75.833,72.55,71,0,5.75
226,Krasnyy Luch,UA,2022-09-17 23:17:12,48.1395,38.9371,64.13,71,100,7.85
227,Wanning,CN,2022-09-17 23:17:12,18.8003,110.3967,78.37,84,74,3.13
228,Ribeira Grande,PT,2022-09-17 23:18:13,38.5167,-28.7,74.16,91,100,6.04
229,Oranjestad,AW,2022-09-17 23:18:13,12.524,-70.027,85.95,74,20,8.05
230,Rocha,UY,2022-09-17 23:15:34,-34.4833,-54.3333,56.98,76,100,12.88
231,Havre-Saint-Pierre,CA,2022-09-17 23:18:14,50.2334,-63.5986,48.2,57,44,14.03
232,Koutiala,ML,2022-09-17 23:18:14,12.3917,-5.4642,75.61,86,79,7.36
233,Diffa,NE,2022-09-17 23:18:15,13.3154,12.6113,79.77,67,93,6.53
234,Sirajganj,BD,2022-09-17 23:18:15,24.45,89.7167,83.26,77,60,2.89
235,Sambava,MG,2022-09-17 23:18:15,-14.2667,50.1667,66.69,87,86,8.34
236,La Estancia,MX,2022-09-17 23:18:16,20.4167,-100.0667,71.02,60,100,15.68
237,Ranong,TH,2022-09-17 23:18:16,9.9658,98.6348,78.73,85,100,9.64
238,Barcelos,PT,2022-09-17 23:17:32,41.5388,-8.6151,75.69,59,100,5.35
239,Egvekinot,RU,2022-09-17 23:18:17,66.3167,-179.1667,36.54,88,100,11.88
240,Shitanjing,CN,2022-09-17 23:18:17,39.2342,106.3439,62.74,30,79,6.04
241,Taltal,CL,2022-09-17 23:18:18,-25.4,-70.4833,56.48,75,15,4.27
242,Mersing,MY,2022-09-17 23:18:18,2.4312,103.8405,76.91,88,40,6.91
243,Mao,ES,2022-09-17 23:18:18,39.8885,4.2658,66.76,59,0,5.75
244,Sakaiminato,JP,2022-09-17 23:18:19,35.55,133.2333,82.33,83,75,5.75
245,Slave Lake,CA,2022-09-17 23:18:19,55.2834,-114.769,51.78,82,100,6.91
246,Molchanovo,RU,2022-09-17 23:18:20,57.5817,83.7692,49.87,59,100,3.15
247,Walvis Bay,NA,2022-09-17 23:18:20,-22.9575,14.5053,57.09,88,0,8.05
248,Concepcion,CL,2022-09-17 23:18:20,-36.827,-73.0498,48.0,71,75,11.5
249,Yashan,CN,2022-09-17 23:18:21,22.1975,109.9419,77.2,83,38,1.83
250,Chokurdakh,RU,2022-09-17 23:18:21,70.6333,147.9167,36.55,63,49,6.8
251,Narsaq,GL,2022-09-17 23:18:21,60.9167,-46.05,61.02,79,100,8.46
252,Hambantota,LK,2022-09-17 23:18:22,6.1241,81.1185,79.18,79,100,13.65
253,Souillac,MU,2022-09-17 23:18:22,-20.5167,57.5167,70.18,78,40,11.5
254,Touros,BR,2022-09-17 23:18:23,-5.1989,-35.4608,76.71,79,23,12.68
255,Honiara,SB,2022-09-17 23:18:23,-9.4333,159.95,85.37,69,65,8.52
256,Torbat-E Jam,IR,2022-09-17 23:18:23,35.244,60.6225,67.55,31,0,12.82
257,Boulder City,US,2022-09-17 23:18:24,35.9786,-114.8325,94.42,19,0,20.71
258,Sumbe,AO,2022-09-17 23:18:24,-11.2061,13.8437,70.66,87,84,6.15
259,Garmsar,IR,2022-09-17 23:18:25,35.2182,52.3409,78.48,26,0,7.11
260,Dzhebariki-Khaya,RU,2022-09-17 23:18:25,62.2167,135.8,41.54,71,100,2.26
261,Bosaso,SO,2022-09-17 23:18:25,11.2842,49.1816,89.89,48,36,6.29
262,Port Keats,AU,2022-09-17 23:18:26,-14.25,129.55,81.25,74,67,6.58
263,Tutoia,BR,2022-09-17 23:18:26,-2.7619,-42.2744,78.76,83,94,14.27
264,Verkhnetulomskiy,RU,2022-09-17 23:18:27,68.6073,31.7962,48.33,98,100,9.13
265,Provideniya,RU,2022-09-17 23:18:27,64.3833,-173.3,45.09,91,100,9.62
266,Lata,PT,2022-09-17 23:18:27,40.1629,-8.3327,67.91,69,60,3.94
267,Cherskiy,RU,2022-09-17 23:18:28,68.75,161.3,33.75,65,100,12.68
268,Carnarvon,AU,2022-09-17 23:18:28,-24.8667,113.6333,64.29,77,3,16.33
269,Arman,RU,2022-09-17 23:18:29,59.7,150.1667,47.89,45,6,2.66
270,Hirado,JP,2022-09-17 23:18:29,33.3597,129.5531,80.38,77,99,28.3
271,Singaraja,ID,2022-09-17 23:18:29,-8.112,115.0882,78.46,75,97,1.36
272,Stephenville,US,2022-09-17 23:18:30,32.2207,-98.2023,93.33,36,40,9.22
273,Goderich,CA,2022-09-17 23:18:30,43.7501,-81.7165,79.92,57,48,8.05
274,Vieques,PR,2022-09-17 23:18:31,18.425,-65.8329,80.89,89,100,18.41
275,Ahuimanu,US,2022-09-17 23:18:31,21.4447,-157.8378,87.51,60,40,17.27
276,Prado,BR,2022-09-17 23:19:31,-17.3411,-39.2208,68.85,80,100,14.43
277,Palmer,US,2022-09-17 23:19:32,42.1584,-72.3287,65.57,72,40,6.91
278,Kloulklubed,PW,2022-09-17 23:19:32,7.0419,134.2556,82.9,64,92,2.77
279,Vostok,RU,2022-09-17 23:19:33,46.4856,135.8833,58.14,95,100,2.15
280,Vinh,VN,2022-09-17 23:19:33,18.6667,105.6667,76.91,92,94,3.98
281,Bassila,BJ,2022-09-17 23:19:33,9.0081,1.6654,70.95,97,99,3.0
282,Katherine,AU,2022-09-17 23:19:34,-14.4667,132.2667,84.52,58,55,9.22
283,Alugan,PH,2022-09-17 23:19:34,12.2188,125.4808,80.53,81,100,5.19
284,Forbes,AU,2022-09-17 23:19:35,-33.3833,148.0167,53.35,74,86,9.06
285,Margate,GB,2022-09-17 23:19:35,51.3813,1.3862,55.69,63,40,1.99
286,Bisira,PA,2022-09-17 23:19:35,8.5196,-81.7115,62.01,98,100,0.6
287,Poum,NC,2022-09-17 23:19:36,-20.2333,164.0167,76.1,67,0,9.86
288,Tiksi,RU,2022-09-17 23:19:36,71.6872,128.8694,33.66,88,96,10.94
289,Launceston,AU,2022-09-17 23:17:01,-41.45,147.1667,51.8,88,95,16.11
290,Bacolod,PH,2022-09-17 23:19:37,10.6667,122.95,79.43,88,99,8.21
291,Ixtapa,MX,2022-09-17 23:19:37,20.7,-105.2,85.23,79,100,9.22
292,Songjianghe,CN,2022-09-17 23:19:38,42.1859,127.479,60.91,95,36,3.44
293,Atar,MR,2022-09-17 23:19:38,20.5169,-13.0499,86.92,24,25,9.82
294,Murgab,TM,2022-09-17 23:19:38,37.4966,61.9714,66.07,48,0,6.91
295,Mattru,SL,2022-09-17 23:19:39,7.6244,-11.8332,72.79,99,100,3.15
296,Klaeng,TH,2022-09-17 23:19:39,12.7797,101.6483,76.66,88,98,1.16
297,Fort Nelson,CA,2022-09-17 23:19:40,58.8053,-122.7002,63.99,29,40,2.3
298,Padang,ID,2022-09-17 23:19:40,-0.9492,100.3543,74.71,95,100,3.65
299,Portsmouth,GB,2022-09-17 23:19:41,50.799,-1.0913,53.96,93,40,6.2
300,Bulgan,MN,2022-09-17 23:19:41,48.8125,103.5347,35.4,82,76,3.69
301,Haines Junction,CA,2022-09-17 23:19:41,60.7522,-137.5108,58.95,41,84,2.3
302,Constitucion,CL,2022-09-17 23:19:42,-35.3333,-72.4167,47.66,82,98,10.49
303,San Ramon De La Nueva Oran,AR,2022-09-17 23:19:42,-23.1322,-64.326,80.42,32,33,3.58
304,Yumen,CN,2022-09-17 23:19:43,40.2833,97.2,58.1,22,78,6.31
305,Newport,GB,2022-09-17 23:19:43,51.5877,-2.9984,52.54,79,25,5.08
306,Pundaguitan,PH,2022-09-17 23:19:43,6.3711,126.1689,83.39,75,79,9.8
307,Tezu,IN,2022-09-17 23:19:44,27.9167,96.1667,73.98,94,94,3.09
308,Qasigiannguit,GL,2022-09-17 23:19:44,68.8193,-51.1922,37.92,97,100,2.08
309,San Fernando,PH,2022-09-17 23:19:45,15.0286,120.6898,82.13,83,80,1.01
310,Mount Isa,AU,2022-09-17 23:19:45,-20.7333,139.5,74.97,23,21,10.36
311,Wajima,JP,2022-09-17 23:19:46,37.4,136.9,81.28,83,0,1.14
312,Zambezi,ZM,2022-09-17 23:19:46,-13.5432,23.1047,70.83,30,80,5.01
313,Talnakh,RU,2022-09-17 23:19:46,69.4865,88.3972,38.21,98,100,11.48
314,Sisimiut,GL,2022-09-17 23:19:47,66.9395,-53.6735,44.44,86,99,10.83
315,Nuuk,GL,2022-09-17 23:19:47,64.1835,-51.7216,56.01,71,75,18.01
316,Qunduz,AF,2022-09-17 23:19:48,36.729,68.857,70.63,16,0,3.27
317,Thinadhoo,MV,2022-09-17 23:19:48,0.5333,72.9333,81.52,69,6,5.06
318,Taian,CN,2022-09-17 23:19:48,36.1853,117.12,69.66,69,0,3.65
319,Kaputa,ZM,2022-09-17 23:19:49,-8.4689,29.6619,74.46,44,35,4.18
320,Tela,HN,2022-09-17 23:15:01,15.7833,-87.45,82.35,83,75,2.3
321,Beloha,MG,2022-09-17 23:19:49,-25.1667,45.05,67.62,64,7,6.13
322,Ternate,ID,2022-09-17 23:20:50,0.8,127.4,80.17,76,100,3.58
323,Guerrero Negro,MX,2022-09-17 23:20:50,27.9769,-114.0611,73.63,65,0,17.11
324,Avdiyivka,UA,2022-09-17 23:20:50,48.1399,37.7426,66.06,72,97,5.99
325,Pinyug,RU,2022-09-17 23:20:51,60.251,47.7842,42.91,97,9,6.44
326,Clyde River,CA,2022-09-17 23:20:51,70.4692,-68.5914,34.03,93,100,11.5
327,Junagarh,IN,2022-09-17 23:20:52,19.8667,82.9333,73.83,94,88,3.47
328,De Aar,ZA,2022-09-17 23:20:52,-30.6497,24.0123,57.27,71,100,3.33
329,Berlevag,NO,2022-09-17 23:20:53,70.8578,29.0864,44.6,87,100,26.46
330,Morant Bay,JM,2022-09-17 23:20:53,17.8815,-76.4093,77.7,81,33,5.01
331,Palencia,ES,2022-09-17 23:20:53,42.4167,-4.5,56.79,51,100,10.25
332,Saint Marys,US,2022-09-17 23:20:54,30.7305,-81.5465,81.01,80,40,10.36
333,Aloleng,PH,2022-09-17 23:20:54,16.1307,119.7824,80.58,77,67,8.95
334,Salym,RU,2022-09-17 23:20:55,60.0625,71.4789,46.15,72,36,9.37
335,Banikoara,BJ,2022-09-17 23:20:55,11.2985,2.4386,73.69,94,96,4.56
336,La Orilla,MX,2022-09-17 23:20:56,17.9833,-102.2333,75.92,93,100,4.47
337,Tobane,BW,2022-09-17 23:20:56,-21.95,27.9,66.11,22,0,4.34
338,Tonj,SS,2022-09-17 23:20:56,7.2737,28.6822,70.52,94,7,1.99
339,Norsup,VU,2022-09-17 23:20:57,-16.0667,167.3833,82.13,71,53,13.47
340,Coffs Harbour,AU,2022-09-17 23:20:57,-30.3,153.1333,68.13,32,76,4.61
341,Ketchikan,US,2022-09-17 23:18:04,55.3422,-131.6461,64.87,52,0,10.36
342,Kasane,BW,2022-09-17 23:20:58,-17.8167,25.15,66.74,38,0,5.26
343,Raglan,NZ,2022-09-17 23:20:58,-37.8,174.8833,60.31,60,9,4.45
344,Abu Dhabi,AE,2022-09-17 23:20:58,24.4667,54.3667,88.97,71,0,3.44
345,Mnogovershinnyy,RU,2022-09-17 23:20:59,53.9353,139.9242,48.31,66,100,6.87
346,Alta,NO,2022-09-17 23:20:59,69.9689,23.2717,45.66,93,100,0.0
347,Bull Savanna,JM,2022-09-17 23:21:00,17.8868,-77.5902,80.62,79,46,2.44
348,Monrovia,LR,2022-09-17 23:21:00,6.3005,-10.7969,75.96,86,100,12.21
349,Bathsheba,BB,2022-09-17 23:21:00,13.2167,-59.5167,83.01,89,20,13.8
350,Eirunepe,BR,2022-09-17 23:21:01,-6.6603,-69.8736,83.37,53,68,2.17
351,Yeniseysk,RU,2022-09-17 23:21:01,58.4497,92.1703,38.71,97,23,0.81
352,Ourossogui,SN,2022-09-17 23:21:01,15.6064,-13.3211,85.5,67,6,12.48
353,Tilichiki,RU,2022-09-17 23:21:02,60.4667,166.1,44.24,56,54,13.6
354,Nago,JP,2022-09-17 23:21:02,26.5881,127.9761,83.25,90,100,30.87
355,Havelock,US,2022-09-17 23:21:03,34.8791,-76.9013,77.95,84,100,6.02
356,San Jose,US,2022-09-17 23:19:06,37.3394,-121.895,76.86,51,40,21.85
357,Eucaliptus,BO,2022-09-17 23:21:03,-17.5833,-67.5167,55.2,31,2,14.09
358,Pacific Grove,US,2022-09-17 23:21:04,36.6177,-121.9166,76.55,72,40,12.66
359,North Bend,US,2022-09-17 23:21:04,43.4065,-124.2243,62.92,91,20,12.66
360,Nemuro,JP,2022-09-17 23:21:04,43.3236,145.575,67.1,96,81,15.79
361,Nizhniy Odes,RU,2022-09-17 23:21:05,63.6445,54.856,47.98,98,100,6.22
362,Isangel,VU,2022-09-17 23:21:05,-19.55,169.2667,79.18,71,80,10.45
363,Sibu,MY,2022-09-17 23:21:06,2.3,111.8167,75.51,94,40,3.44
364,Urengoy,RU,2022-09-17 23:21:06,65.9667,78.3667,46.99,76,100,11.01
365,Farafangana,MG,2022-09-17 23:21:06,-22.8167,47.8333,65.93,92,44,4.36
366,Ginir,ET,2022-09-17 23:21:07,7.1333,40.7,60.49,63,49,6.04
367,Tashtyp,RU,2022-09-17 23:21:07,52.7939,89.8983,34.57,91,2,1.12
368,Chaiyaphum,TH,2022-09-17 23:21:08,15.75,102.0,74.68,92,100,5.08
369,Puerto Leguizamo,CO,2022-09-17 23:21:08,-0.1934,-74.7819,76.37,84,74,2.01
370,Sao Miguel Do Araguaia,BR,2022-09-17 23:22:09,-13.275,-50.1628,93.85,25,56,9.78
371,Ondjiva,AO,2022-09-17 23:22:09,-17.0667,15.7333,67.1,21,0,6.4
372,Naze,JP,2022-09-17 23:22:10,28.3667,129.4833,77.92,88,100,42.3
373,Abalak,RU,2022-09-17 23:22:10,58.1286,68.5944,49.69,50,61,10.63
374,Suntar,RU,2022-09-17 23:22:10,62.1444,117.6319,30.4,85,19,8.7
375,Mahibadhoo,MV,2022-09-17 23:22:11,3.7833,72.9667,80.98,72,12,6.76
376,Aden,YE,2022-09-17 23:21:27,12.7794,45.0367,89.08,60,84,7.05
377,Clarence Town,AU,2022-09-17 23:22:11,-32.5833,151.7833,66.61,52,31,11.97
378,Deputatskiy,RU,2022-09-17 23:22:12,69.3,139.9,33.1,71,31,1.59
379,Broken Hill,AU,2022-09-17 23:19:16,-31.95,141.4333,53.01,64,9,14.23
380,Finschhafen,PG,2022-09-17 23:22:12,-6.6024,147.8681,83.59,68,56,9.1
381,Xining,CN,2022-09-17 23:22:12,36.6167,101.7667,55.94,82,100,1.14
382,Matamoros,MX,2022-09-17 23:19:25,25.5333,-103.25,89.71,37,75,16.11
383,Erzin,TR,2022-09-17 23:22:13,36.9559,36.2,73.96,85,3,1.32
384,Luwuk,ID,2022-09-17 23:22:13,-0.9516,122.7875,78.84,75,100,3.56
385,Kavieng,PG,2022-09-17 23:22:13,-2.5744,150.7967,83.91,66,82,6.85
386,Biloela,AU,2022-09-17 23:22:14,-24.4167,150.5,73.53,31,0,7.74
387,Caravelas,BR,2022-09-17 23:22:14,-17.7125,-39.2481,67.93,78,100,12.5
388,Alice Springs,AU,2022-09-17 23:21:06,-23.7,133.8833,62.15,42,0,8.05
389,Asau,RO,2022-09-17 23:22:15,46.4333,26.4,54.52,98,100,2.62
390,Gebze,TR,2022-09-17 23:22:15,40.8028,29.4307,74.35,50,0,2.3
391,Monywa,MM,2022-09-17 23:22:16,22.1167,95.1333,79.14,85,100,8.99
392,Ambon,ID,2022-09-17 23:22:16,-3.6954,128.1814,75.34,88,20,3.44
393,Chabahar,IR,2022-09-17 23:22:17,25.2919,60.643,80.85,86,50,12.86
394,The Hammocks,US,2022-09-17 23:22:17,25.6715,-80.4445,84.22,86,100,7.7
395,Salaga,GH,2022-09-17 23:22:17,8.5508,-0.5188,73.13,94,33,4.92
396,Ilebo,CD,2022-09-17 23:22:18,-4.3167,20.5833,71.96,96,100,1.3
397,Macia,MZ,2022-09-17 23:22:18,-25.0269,33.0989,69.49,60,0,6.17
398,Langxiang,CN,2022-09-17 23:22:19,46.95,128.8833,57.2,94,95,7.99
399,Avera,US,2022-09-17 23:22:19,33.194,-82.5271,80.55,56,0,4.25
400,Three Hills,CA,2022-09-17 23:22:19,51.7001,-113.2686,64.67,32,84,5.75
401,Ambilobe,MG,2022-09-17 23:22:20,-13.2,49.05,68.59,69,96,4.81
402,Manokwari,ID,2022-09-17 23:22:20,-0.8667,134.0833,80.37,71,91,6.06
403,Kirillov,RU,2022-09-17 23:22:20,59.863,38.3813,48.47,93,97,8.21
404,Koping,SE,2022-09-17 23:22:21,59.514,15.9926,50.5,81,87,3.69
405,Thaba-Tseka,LS,2022-09-17 23:22:21,-29.522,28.6084,50.4,46,10,5.23
406,Guilin,CN,2022-09-17 23:22:21,25.2819,110.2864,75.31,83,31,2.24
407,Asyut,EG,2022-09-17 23:22:22,27.181,31.1837,75.38,35,0,2.42
408,Sayyan,YE,2022-09-17 23:22:22,15.1718,44.3244,62.64,61,65,2.68
409,Peniche,PT,2022-09-17 23:22:22,39.3558,-9.3811,69.12,93,61,8.93
410,Mackay,AU,2022-09-17 23:20:09,-21.15,149.2,76.68,84,8,1.83
411,Sarh,TD,2022-09-17 23:22:23,9.1429,18.3923,70.02,98,100,3.8
412,Aklavik,CA,2022-09-17 23:22:23,68.2191,-135.0107,60.8,48,40,9.22
413,Hanna,CA,2022-09-17 23:22:24,51.6334,-111.9018,63.86,30,14,8.01
414,Show Low,US,2022-09-17 23:23:24,34.2542,-110.0298,79.09,23,0,24.16
415,Cadillac,US,2022-09-17 23:21:06,44.2519,-85.4012,75.11,60,75,9.22
416,Saint-Pierre,RE,2022-09-17 23:23:25,-21.3393,55.4781,69.48,73,75,14.97
417,San Quintin,MX,2022-09-17 23:23:25,30.4833,-115.95,72.1,67,0,16.02
418,Richards Bay,ZA,2022-09-17 23:23:26,-28.783,32.0377,65.66,86,65,5.14
419,Hudson Bay,CA,2022-09-17 23:23:26,52.85,-102.3842,52.09,89,100,3.58
420,Kibala,TD,2022-09-17 23:23:26,9.1104,18.3463,69.98,98,100,3.71
421,Jiaocheng,CN,2022-09-17 23:23:27,24.6774,116.1389,76.35,64,68,1.83
422,Yinchuan,CN,2022-09-17 23:23:27,38.4681,106.2731,66.7,31,64,6.51
423,Bayir,TR,2022-09-17 23:23:28,37.2687,28.2167,57.72,61,0,0.94
424,Weinan,CN,2022-09-17 23:23:28,34.5036,109.5089,71.17,81,99,0.89
425,Marfino,RU,2022-09-17 23:23:28,55.7028,37.3822,50.16,86,0,6.71
426,Japura,ID,2022-09-17 23:23:29,-0.3167,102.35,72.25,99,99,2.57
427,Ndioum,SN,2022-09-17 23:23:29,16.5129,-14.6471,84.09,41,94,15.46
428,Buchanan,LR,2022-09-17 23:23:30,5.8808,-10.0467,75.65,88,100,8.75
429,Leningradskiy,RU,2022-09-17 23:23:30,69.3833,178.4167,33.24,100,100,18.66
430,Bulbucata,RO,2022-09-17 23:23:31,44.2833,25.8033,68.99,86,84,4.34
431,Bay Roberts,CA,2022-09-17 23:23:31,47.5999,-53.2648,56.52,71,98,7.0
432,Kutum,SD,2022-09-17 23:23:31,14.2,24.6667,72.45,68,13,5.14
433,Mandalgovi,MN,2022-09-17 23:23:32,45.7625,106.2708,37.87,60,90,11.56
434,Porto Novo,BJ,2022-09-17 23:23:32,6.4965,2.6036,76.46,89,100,7.47
435,Kruisfontein,ZA,2022-09-17 23:23:33,-34.0033,24.7314,56.88,89,100,5.97
436,Male,MV,2022-09-17 23:23:33,4.1748,73.5089,82.35,78,20,6.91
437,Cervo,ES,2022-09-17 23:23:33,43.6702,-7.4101,64.96,78,100,20.36
438,Vallenar,CL,2022-09-17 23:23:34,-28.5708,-70.7581,58.98,57,0,4.76
439,Tazovskiy,RU,2022-09-17 23:23:34,67.4667,78.7,44.53,84,100,9.66
440,Gat,IL,2022-09-17 23:23:35,31.61,34.7642,75.88,100,0,3.67
441,Santa Isabel Do Rio Negro,BR,2022-09-17 23:23:35,-0.4139,-65.0192,78.33,80,93,1.5
442,Yining,CN,2022-09-17 23:23:35,29.0361,114.5636,73.51,67,53,0.6
443,Svobodnyy,RU,2022-09-17 23:23:36,51.4,128.1333,55.36,98,100,13.53
444,Macusani,PE,2022-09-17 23:23:36,-14.0833,-70.4333,36.84,93,91,3.62
445,Keetmanshoop,NA,2022-09-17 23:23:37,-26.5833,18.1333,60.21,36,35,9.26
446,Labuhan,ID,2022-09-17 23:23:37,-6.8844,112.2051,76.66,80,69,8.16
447,Dongsheng,CN,2022-09-17 23:23:37,39.8161,109.9776,55.72,37,13,8.14
448,Rio Gallegos,AR,2022-09-17 23:23:38,-51.6226,-69.2181,42.85,49,0,10.36
449,Saint-Joseph,RE,2022-09-17 23:23:38,-21.3667,55.6167,68.38,79,22,12.84
450,Dromolaxia,CY,2022-09-17 23:23:39,34.8761,33.586,75.72,83,0,4.61
451,Sur,OM,2022-09-17 23:23:39,22.5667,59.5289,85.95,58,71,3.38
452,Tura,IN,2022-09-17 23:23:39,25.5198,90.2201,73.69,89,29,3.4
453,Praya,CV,2022-09-17 23:23:40,14.9215,-23.5087,77.54,88,20,11.5
454,Zhezkazgan,KZ,2022-09-17 23:23:40,47.8043,67.7144,52.07,30,1,8.23
455,Saint Anthony,US,2022-09-17 23:23:40,45.0205,-93.218,82.02,63,0,11.5
456,Calama,CL,2022-09-17 23:23:41,-22.4667,-68.9333,61.29,11,20,14.97
457,Sorland,NO,2022-09-17 23:23:41,67.667,12.6934,49.86,74,99,29.57
458,Aykhal,RU,2022-09-17 23:23:42,66.0,111.5,24.53,87,99,26.46
459,Namibe,AO,2022-09-17 23:23:42,-15.1961,12.1522,66.54,84,74,7.76
460,Grand Gaube,MU,2022-09-17 23:24:42,-20.0064,57.6608,70.2,75,1,8.99
461,Roma,US,2022-09-17 23:24:43,43.2128,-75.4557,69.08,80,0,5.75
462,Jati,PK,2022-09-17 23:24:43,24.3539,68.2671,81.5,68,100,8.57
463,Ostrovnoy,RU,2022-09-17 23:24:43,68.0531,39.5131,48.29,97,100,6.73
464,Byron Bay,AU,2022-09-17 23:24:44,-28.65,153.6167,71.71,39,82,9.04
465,Airai,TL,2022-09-17 23:24:44,-8.9266,125.4092,66.27,54,78,1.45
466,Mlalo,TZ,2022-09-17 23:24:45,-4.9333,38.9333,66.54,92,22,4.52
467,Cikupa,ID,2022-09-17 23:24:45,-6.2364,106.5083,77.92,85,98,4.12
468,Inhambane,MZ,2022-09-17 23:24:45,-23.865,35.3833,70.45,91,2,11.95
469,Santa Eulalia,PE,2022-09-17 23:24:46,-11.85,-76.6833,41.0,55,3,4.43
470,Bumba,CD,2022-09-17 23:24:46,2.1833,22.4667,71.96,94,98,3.91
471,Ipixuna,BR,2022-09-17 23:24:47,-1.7625,-48.8043,80.1,78,94,7.61
472,Sao Filipe,CV,2022-09-17 23:24:47,14.8961,-24.4956,77.52,83,28,6.6
473,Port Hardy,CA,2022-09-17 23:24:48,50.6996,-127.4199,62.78,55,20,12.66
474,Sicamous,CA,2022-09-17 23:24:48,50.8331,-118.9856,63.57,35,83,2.75
475,Cuajinicuilapa,MX,2022-09-17 23:24:48,16.4667,-98.4167,74.48,95,100,1.83
476,Kismayo,SO,2022-09-17 23:24:49,-0.3582,42.5454,75.47,85,6,16.46
477,Requena,ES,2022-09-17 23:24:49,39.4883,-1.1004,64.8,80,67,4.65
478,Palmas Bellas,PA,2022-09-17 23:24:50,9.2319,-80.0867,76.24,81,100,1.32
479,Ugoofaaru,MV,2022-09-17 23:24:50,5.6667,73.0,81.03,76,19,7.94
480,Paciran,ID,2022-09-17 23:24:51,-6.8767,112.3761,76.78,80,58,7.23
481,Las Guacamayas,MX,2022-09-17 23:24:51,18.0167,-102.2167,75.9,94,100,4.0
482,Forio,IT,2022-09-17 23:24:51,40.7342,13.8646,71.33,70,0,15.99
483,Makakilo City,US,2022-09-17 23:24:52,21.3469,-158.0858,86.32,54,20,19.57
484,Luena,AO,2022-09-17 23:24:52,-11.7833,19.9167,69.69,29,94,2.89
485,Suez,EG,2022-09-17 23:24:53,29.9737,32.5263,74.3,77,0,9.62
486,Ous,RU,2022-09-17 23:24:53,60.9058,61.5186,51.01,76,99,12.24
487,Pandamatenga,BW,2022-09-17 23:24:53,-18.5278,25.627,67.1,37,0,5.03
488,Presque Isle,US,2022-09-17 23:24:54,46.6811,-68.0159,55.83,60,0,4.61
489,Almaznyy,RU,2022-09-17 23:24:54,48.0448,40.045,64.0,73,97,9.62
490,Sobolevo,RU,2022-09-17 23:24:55,54.4299,31.8996,49.44,69,97,6.71
491,Ucluelet,CA,2022-09-17 23:24:55,48.9329,-125.5528,65.08,68,100,3.0
492,Praia Da Vitoria,PT,2022-09-17 23:24:13,38.7333,-27.0667,75.45,88,75,6.78
493,Hualmay,PE,2022-09-17 23:24:55,-11.0964,-77.6139,63.46,81,33,13.06
494,General Pico,AR,2022-09-17 23:21:18,-35.6566,-63.7568,68.04,32,100,8.28
495,Bucerias,MX,2022-09-17 23:22:46,20.75,-105.3333,85.98,79,100,9.22
496,Nizwa,OM,2022-09-17 23:24:56,22.9333,57.5333,84.51,36,3,1.19
497,General Roca,AR,2022-09-17 23:24:56,-39.0333,-67.5833,50.63,52,70,21.97
498,Leua,SK,2022-09-17 23:24:57,48.2156,18.6071,54.5,73,100,14.29
499,Carman,CA,2022-09-17 23:24:57,49.4992,-98.0016,59.92,82,100,4.61
500,Leon Valley,US,2022-09-17 23:22:50,29.4952,-98.6186,92.91,53,20,14.97
501,Neiafu,TO,2022-09-17 23:24:58,-18.65,-173.9833,83.08,69,40,11.5
502,Araouane,ML,2022-09-17 23:21:09,18.9048,-3.5265,96.64,17,28,5.77
503,Nelson Bay,AU,2022-09-17 23:25:58,-32.7167,152.15,66.11,52,24,5.99
504,Hobyo,SO,2022-09-17 23:25:59,5.3505,48.5268,75.79,84,49,22.82
505,Amazar,RU,2022-09-17 23:25:59,53.858,120.875,41.22,89,100,6.85
506,Pochutla,MX,2022-09-17 23:26:00,15.7432,-96.4661,75.02,96,100,2.1
507,Chumikan,RU,2022-09-17 23:26:00,54.7183,135.315,49.8,83,100,20.33
508,Neu Wulmstorf,DE,2022-09-17 23:26:01,53.4667,9.8,51.73,93,75,11.5
509,San Policarpo,PH,2022-09-17 23:26:01,12.1791,125.5072,80.65,80,100,5.26
510,Siemiatycze,PL,2022-09-17 23:26:01,52.4272,22.8623,49.82,85,100,4.36
511,Pacifica,US,2022-09-17 23:22:01,37.6138,-122.4869,71.4,83,75,13.8
512,Kuopio,FI,2022-09-17 23:26:02,62.8924,27.677,49.95,93,75,1.14
513,Turukhansk,RU,2022-09-17 23:26:02,65.8167,87.9833,44.22,95,100,12.26
514,Daru,PG,2022-09-17 23:26:03,-9.0763,143.2092,81.79,83,100,5.55
515,La Asuncion,VE,2022-09-17 23:25:13,11.0333,-63.8628,81.79,80,84,9.33
516,Jiangyou,CN,2022-09-17 23:26:03,31.7667,104.7167,70.88,87,100,2.06
517,Svetlaya,RU,2022-09-17 23:26:04,46.5389,138.3297,57.45,94,100,6.96
518,Marystown,CA,2022-09-17 23:26:04,47.1666,-55.1483,54.9,66,99,20.54
519,Evensk,RU,2022-09-17 23:26:04,61.95,159.2333,44.6,47,3,6.73
520,Sao Felix Do Xingu,BR,2022-09-17 23:26:05,-6.6447,-51.995,77.29,71,94,1.14
521,Fayetteville,US,2022-09-17 23:24:37,35.0527,-78.8784,80.6,52,0,4.61
522,Saint-Francois,FR,2022-09-17 23:26:05,46.4154,3.9054,40.68,93,0,0.0
523,Umm Lajj,SA,2022-09-17 23:26:06,25.0213,37.2685,84.04,54,0,10.54
524,Tocopilla,CL,2022-09-17 23:26:06,-22.092,-70.1979,60.26,67,20,6.78
525,Smithers,CA,2022-09-17 23:26:07,54.7804,-127.1743,57.52,58,75,3.44
526,Chernoistochinsk,RU,2022-09-17 23:26:07,57.7364,59.8719,57.96,91,100,10.56
527,Bilma,NE,2022-09-17 23:26:08,18.6853,12.9164,90.07,34,76,5.59
528,Taoudenni,ML,2022-09-17 23:21:08,22.6783,-3.9836,93.04,17,2,11.65
529,Pili,PH,2022-09-17 23:26:08,13.5833,123.3,78.39,90,100,6.17
530,Road Town,VG,2022-09-17 23:26:09,18.4167,-64.6167,80.69,87,100,34.43
531,Jos,NG,2022-09-17 23:26:09,9.9167,8.9,62.37,94,84,1.07
532,Pangnirtung,CA,2022-09-17 23:26:09,66.1451,-65.7125,41.05,74,71,4.38
533,Cap Malheureux,MU,2022-09-17 23:26:10,-19.9842,57.6142,69.48,75,0,8.99
534,Mandvi,IN,2022-09-17 23:26:10,22.8333,69.3667,80.26,78,100,9.98
535,Piet Retief,ZA,2022-09-17 23:26:10,-27.0071,30.8132,55.02,95,1,2.95
536,Bogalusa,US,2022-09-17 23:26:11,30.791,-89.8487,85.75,70,75,3.44
537,Svetlogorsk,BY,2022-09-17 23:26:11,52.6333,29.7333,46.94,94,84,5.28
538,Najran,SA,2022-09-17 23:23:05,17.4924,44.1277,77.65,27,93,2.82
539,Shimoda,JP,2022-09-17 23:26:12,34.6667,138.95,80.96,92,91,11.01
540,Grand Island,US,2022-09-17 23:22:26,40.925,-98.342,84.2,55,75,5.75
541,Bubaque,GW,2022-09-17 23:26:12,11.2833,-15.8333,80.87,80,95,10.96
542,Tambura,SS,2022-09-17 23:26:12,5.6,27.4667,68.29,97,88,1.95
543,Pitanga,BR,2022-09-17 23:26:13,-24.7572,-51.7614,54.54,71,0,8.03
